{
	"metadata": {
		"version": 4.5,
		"type": "Object",
		"generator": "Object3D.toJSON"
	},
	"geometries": [
		{
			"uuid": "D7E805D4-C180-4D06-9B6A-E7D6A050F0EE",
			"type": "BufferGeometry",
			"data": {
				"attributes": {
					"position": {
						"itemSize": 3,
						"type": "Float32Array",
						"array": [3.05,2.25,0.35,1.95,2.25,0.35,1.95,2.25,-1.95,3.05,2.25,0.35,1.95,2.25,-1.95,3.05,2.25,-1.95,-1.95,2.25,0.35,0.026282,2.25,0.35,-0.025,2.25,1.95,-1.95,2.25,0.35,-0.025,2.25,1.95,-1.95,2.25,1.95,0.026282,2.25,0.35,1.102564,2.25,0.35,1,2.25,1.95,0.026282,2.25,0.35,1,2.25,1.95,-0.025,2.25,1.95,1.102564,2.25,0.35,1.95,2.25,0.35,1.95,2.25,1.95,1.102564,2.25,0.35,1.95,2.25,1.95,1,2.25,1.95,-1.95,2.25,-1.95,0.1,2.25,-1.95,0.026282,2.25,0.35,-1.95,2.25,-1.95,0.026282,2.25,0.35,-1.95,2.25,0.35,0.1,2.25,-1.95,1.25,2.25,-1.95,1.102564,2.25,0.35,0.1,2.25,-1.95,1.102564,2.25,0.35,0.026282,2.25,0.35,1.25,2.25,-1.95,1.95,2.25,-1.95,1.95,2.25,0.35,1.25,2.25,-1.95,1.95,2.25,0.35,1.102564,2.25,0.35],
						"normalized": false
					},
					"normal": {
						"itemSize": 3,
						"type": "Float32Array",
						"array": [0,-1,0,0,-1,0,0,-1,0,0,-1,0,0,-1,0,0,-1,0,0,-1,0,0,-1,0,0,-1,0,0,-1,0,0,-1,0,0,-1,0,0,-1,0,0,-1,0,0,-1,0,0,-1,0,0,-1,0,0,-1,0,0,-1,0,0,-1,0,0,-1,0,0,-1,0,0,-1,0,0,-1,0,0,-1,0,0,-1,0,0,-1,0,0,-1,0,0,-1,0,0,-1,0,0,-1,0,0,-1,0,0,-1,0,0,-1,0,0,-1,0,0,-1,0,0,-1,0,0,-1,0,0,-1,0,0,-1,0,0,-1,0,0,-1,0],
						"normalized": false
					},
					"uv": {
						"itemSize": 2,
						"type": "Float32Array",
						"array": [1,0.5,1,0.5,1,1,1,0.5,1,1,1,1,0,0.5,0.294118,0.5,0.25,0,0,0.5,0.25,0,0,0,0.294118,0.5,0.588235,0.5,0.5,0,0.294118,0.5,0.5,0,0.25,0,0.470588,0.5,1,0.5,0,0,0.470588,0.5,0,0,0,0,0,1,0.25,1,0.294118,0.5,0,1,0.294118,0.5,0,0.5,0.25,1,0.5,1,0.588235,0.5,0.25,1,0.588235,0.5,0.294118,0.5,0.5,1,1,1,1,0.5,0.5,1,1,0.5,0.470588,0.5],
						"normalized": false
					}
				},
				"boundingSphere": {
					"center": [0.55,2.25,0],
					"radius": 3.170568
				}
			}
		}],
	"materials": [
		{
			"uuid": "EADA83E6-428F-48C2-8559-835362B27153",
			"type": "MeshPhongMaterial",
			"name": "None",
			"color": 16777215,
			"emissive": 0,
			"specular": 1118481,
			"shininess": 30,
			"flatShading": true,
			"depthFunc": 3,
			"depthTest": true,
			"depthWrite": true,
			"stencilWrite": false,
			"stencilWriteMask": 255,
			"stencilFunc": 519,
			"stencilRef": 0,
			"stencilFuncMask": 255,
			"stencilFail": 7680,
			"stencilZFail": 7680,
			"stencilZPass": 7680
		}],
	"object": {
		"uuid": "635672E2-C1FB-4BC0-8CCB-112FB9B0734B",
		"type": "Mesh",
		"name": "Room_Ceiling_Plane.005",
		"layers": 1,
		"matrix": [1,0,0,0,0,1,0,0,0,0,1,0,0,0,0,1],
		"geometry": "D7E805D4-C180-4D06-9B6A-E7D6A050F0EE",
		"material": "EADA83E6-428F-48C2-8559-835362B27153"
	}
}